ID,Name,Email,Age,City
1,Arun Kumar,arun.kumar@example.com,25,Chennai
2,Meena Rani,meena.rani@example.com,28,Madurai
3,Rajesh Singh,rajesh.singh@example.com,30,Coimbatore
4,Lavanya Devi,lavanya.devi@example.com,22,Trichy
5,Karthik Raja,karthik.raja@example.com,27,Salem
6,Deepa Nair,deepa.nair@example.com,29,Erode
7,Vignesh Babu,vignesh.babu@example.com,31,Tirunelveli
8,Anitha Joseph,anitha.joseph@example.com,26,Vellore
9,Suresh Kumar,suresh.kumar@example.com,33,Thoothukudi
10,Revathi Iyer,revathi.iyer@example.com,24,Kanchipuram
11,Prakash Menon,prakash.menon@example.com,35,Chennai
12,Divya Ramesh,divya.ramesh@example.com,27,Madurai
13,Manoj Varma,manoj.varma@example.com,28,Coimbatore
14,Shalini Priya,shalini.priya@example.com,23,Trichy
15,Aravind Mohan,aravind.mohan@example.com,32,Salem
16,Keerthi Suresh,keerthi.suresh@example.com,26,Erode
17,Sanjay Pillai,sanjay.pillai@example.com,29,Tirunelveli
18,Preethi Nair,preethi.nair@example.com,25,Vellore
19,Vivek Anand,vivek.anand@example.com,34,Thoothukudi
20,Sindhu Rajan,sindhu.rajan@example.com,28,Kanchipuram